<?xml version="1.0" encoding="UTF-8" standalone="yes"?>
<addon id="plugin.video.ProjectCypher" name="[B][COLOR cyan]Project[/COLOR] [COLOR blue]Cypher[/COLOR][/B]" version="4.0.3" provider-name="Cypher">
	<requires>
		<import addon="xbmc.python" version="2.1.0" />
		<import addon="script.ProjectCypher.artwork" />
		<import addon="script.ProjectCypher.metadata" />
		<import addon="script.module.sportsvod" />
		<import addon="script.cypher.pairwith" />
        <import addon="script.cypher.pairwith.launcher" />
		<import addon="script.cypherstream" />
		<import addon="script.module.cypherswift" />
		<import addon="script.module.cypheruktvnow" />
		<import addon="script.module.cypherustvnow" />
		<import addon="script.module.laola1free" />
		<import addon="plugin.video.youtube" version="5.2.1" optional="true" />
		<import addon="script.module.pyxbmct" />
		<import addon="script.module.urlresolver" version="4.0.05" />
		<import addon="script.module.liveresolver" version="0.1.49" />
		<import addon="script.video.F4mProxy"/>
		<import addon="plugin.video.f4mTester" />
	</requires>
	<extension point="xbmc.python.pluginsource" library="projectcypher.py">
		<provides>video</provides>
	</extension>
	<extension point="xbmc.addon.metadata">
		<summary lang="en">Hey One and All, Project Cypher takes no responsibility for the content or reliability of the feeds. Project Cypher [B]Does Not[/B] host any of the feeds or Streams. Most of the Code from this addon was taken from many other addons but used under the GNU GENERAL PUBLIC LICENSE Version 2, June 1991. Please remember this is a free 3rd party addon so if something doesn't work! Its FREE! I Made this addon as a hobby Not as a service to anyone and i do not charge for it and shouldn't be treated as such. If you see any form of infringements, please contact appropriate media file owners or host sites immediately. Cypher Media is not an official part of the media player you are running, and therefore not to be mentioned within official support channels, this addon has nothing to do with the media player itself, nor it’s intended use, it is simply a 3rd party plugin which has been added to your system or that you have freely installed.</summary>
    <description lang="en">Hey One and All, Project Cypher takes no responsibility for the content or reliability of the feeds. Project Cypher [B]Does Not[/B] host any of the feeds or Streams. Most of the Code from this addon was taken from many other addons but used under the GNU GENERAL PUBLIC LICENSE Version 2, June 1991. Please remember this is a free 3rd party addon so if something doesn't work! Its FREE! I Made this addon as a hobby Not as a service to anyone and i do not charge for it and shouldn't be treated as such. If you see any form of infringements, please contact appropriate media file owners or host sites immediately. Cypher Media is not an official part of the media player you are running, and therefore not to be mentioned within official support channels, this addon has nothing to do with the media player itself, nor it’s intended use, it is simply a 3rd party plugin which has been added to your system or that you have freely installed.</description>
	<disclaimer lang="en">Hey One and All, Project Cypher takes no responsibility for the content or reliability of the feeds. Project Cypher [B]Does Not[/B] host any of the feeds or Streams. Most of the Code from this addon was taken from many other addons but used under the GNU GENERAL PUBLIC LICENSE Version 2, June 1991. Please remember this is a free 3rd party addon so if something doesn't work! Its FREE! I Made this addon as a hobby Not as a service to anyone and i do not charge for it and shouldn't be treated as such. If you see any form of infringements, please contact appropriate media file owners or host sites immediately. Cypher Media is not an official part of the media player you are running, and therefore not to be mentioned within official support channels, this addon has nothing to do with the media player itself, nor it’s intended use, it is simply a 3rd party plugin which has been added to your system or that you have freely installed.</disclaimer>
		<platform>all</platform>
		<forum>-</forum>
		<website>-</website>
		<assets>
			<icon>icon.png</icon>
			<fanart>fanart.jpg</fanart>
			<screenshot>resources/screenshots/screen1.jpg</screenshot>
		</assets>
		<news></news>
	</extension>
</addon>


