<?xml version="1.0" encoding="UTF-8" standalone="yes"?>
<addon id="script.cypherstream" name="Cypher Live" version="0.0.4" provider-name="Cypher">
  <requires>
    <import addon="xbmc.python" version="2.1.0"/>
	<import addon="script.module.requests" />
	<import addon="script.module.urlresolver" />
	<import addon="script.module.liveresolver"/>
	<import addon="script.module.beautifulsoup4" />
	<import addon="script.module.livestreamer" />
  </requires>
  <extension point="xbmc.python.pluginsource" library="default.py">
        <provides>all</provides>
  </extension>
  <extension point="xbmc.addon.metadata">
    <summary lang="en">Dependency Addon for Project Cypher</summary>
    <description lang="en">Dependency Addon for Project Cypher</description>
	<disclaimer lang="en">Dependency Addon for Project Cypher</disclaimer>
    <platform>all</platform>
  </extension>
</addon>

