﻿<?xml version="1.0" encoding="UTF-8"?>
<addon id="script.module.laola1free" name="Laola1.tv Module" version="1.0.0" provider-name="Cypher">
	<requires>
		<import addon="xbmc.python" version="2.14.0"/>
		<import addon="script.module.beautifulsoup4" version="4.3.2"/>
	</requires>
	<extension point="xbmc.python.pluginsource" library="default.py">
		
	</extension>
	<extension point="xbmc.addon.metadata">
		<platform>all</platform>
		<summary lang="en">Laola1 Streaming (Free user only)</summary>
		<description lang="en">Provides streams from laola1.tv</description>
		<license>GNU General Public License, v2</license>
	</extension>
</addon>
