<?xml version="1.0" encoding="UTF-8" standalone="yes"?>
<addon id="plugin.video.amazeintv" version="1.0.1" name="a[COLOR blue][B]MAZE[/B][/COLOR]in[COLOR blue][B]TV[/B][/COLOR]" provider-name="CrazyMAzeY">
	<requires>
		<import addon="xbmc.python" version="2.19.0" />
		<import addon="repository.amazeintv" version="0.0.1"/>
		<import addon="script.module.amazeintv" />
		<import addon="script.amazeintv.artwork" version="1.0.0" />
		<import addon="script.amazeintv.metadata" version="1.0.0" />
		<import addon="script.module.urlresolver" version="3.0.0" />
		<import addon="script.module.metahandler" version="1.0.0" />
	</requires>
	<extension point="xbmc.python.pluginsource" library="amazeintv.py">
		<provides>video</provides>
	</extension>
	<extension point="xbmc.service" library="service.py" start="startup" />
	<extension point="xbmc.addon.metadata">
		<summary lang="en">a[COLOR blue][B]MAZE[/B][/COLOR]in[COLOR blue][B]TV[/COLOR]</summary>
		<description lang="en">THIS IS NOT CONNECTED TO TVADDONS.CO - This Is a FORK of the once Late and Great Genesis Modded by CrazyMAzeY</description>
		<disclaimer lang="en">The author does not host or distribute any of the content displayed by this addon. The author does not have any affiliation with the content provider.</disclaimer>
		<platform>all</platform>
		<assets>
			<icon>icon.png</icon>
			<fanart>fanart.jpg</fanart>
			<screenshot>resources/screenshots/screenshot-01.jpg</screenshot>
			<screenshot>resources/screenshots/screenshot-02.jpg</screenshot>
			<screenshot>resources/screenshots/screenshot-03.jpg</screenshot>
		</assets>
		<news></news>
	</extension>
</addon>
