<?xml version="1.0" encoding="UTF-8" standalone="yes"?>
<addon id="script.module.cyphermobdro" name="Cyphers Mobdro" version="1.0" provider-name="Cypher/RACC">
  <requires>
    <import addon="xbmc.python" version="2.1.0"/>
    <import addon="script.module.livestreamer" />
    <import addon="script.module.requests" />
    <import addon="script.module.routing" />
  </requires>
  <extension point="xbmc.python.pluginsource" library="cyphermobdro.py">
  </extension>
  <extension point="xbmc.addon.metadata">
    <summary lang="en_gb">Mobdro Dependency for Project Cypher</summary>
    <description lang="en_gb">Mobdro Dependency for Project Cypher</description>
    <disclaimer lang="en_gb">Mobdro Dependency for Project Cypher</disclaimer>
    <language></language>
    <platform>all</platform>
    <license></license>
    <forum></forum>
    <website></website>
    <email></email>
    <source></source>
  </extension>
</addon>
