<?xml version="1.0" encoding="UTF-8" standalone="yes"?>
<addon id="script.amazeintv.metadata" version="1.0.1" name="a[COLOR blue][B]MAZE[/B][/COLOR]in[COLOR blue][B]TV[/B][/COLOR] MetaData" provider-name="CrazyMAzeY">
	<requires>
		<import addon="xbmc.python" version="2.19.0"/>
	</requires>
	<extension point="xbmc.python.module" library="lib" />
	<extension point="xbmc.addon.metadata">
		<summary>Metadata for the a[COLOR blue][B]MAZE[/B][/COLOR]in[COLOR blue][B]TV[/COLOR] Addon</summary>
		<description>Metadata for a[COLOR blue][B]MAZE[/B][/COLOR]in[COLOR blue][B]TV[/COLOR] are maintained separately to make distribution of the the addon itself easier/faster.</description>
		<platform>all</platform>
	</extension>
</addon>
