<?xml version="1.0" encoding="UTF-8" standalone="yes"?>
<addon id="plugin.video.itv" name="ITV" version="2.5.6" provider-name="LittleWiz">
  <requires>
    <import addon="xbmc.python" version="2.1.0"/>
  </requires>
  <extension point="xbmc.python.pluginsource" library="default.py">
        <provides>video</provides>
  </extension>
  <extension library="service.py" point="xbmc.service"  start="startup"/>	
  <extension point="xbmc.addon.metadata">
    <platform>all</platform>
    <summary>Plugin for ITV Live Tv Player</summary>
    <description>ITV Player Front End</description>
    <news>Fixed regex so video links are now being picked up correctly</news>
  </extension>
</addon>
