<?xml version="1.0" encoding="UTF-8" standalone="yes"?>
<addon id="repository.amazeintv" name="[COLOR blue][B]CrazyMAzeYs[/B][/COLOR]" version="1.0.1" provider-name="CrazyMAzeY">
	<extension point="xbmc.addon.repository" name="CrazyMAzeYs">
		<dir>
			<info compressed="false">https://raw.githubusercontent.com/totalrevolution/python-koding/master/zips/addons.xml</info>
			<checksum>https://raw.githubusercontent.com/totalrevolution/python-koding/master/zips/addons.xml.md5</checksum>
			<datadir zip="true">https://raw.githubusercontent.com/totalrevolution/python-koding/master/zips/</datadir>
		</dir>
		<info compressed="false">https://raw.githubusercontent.com/amazeintv/repository.amazeintv/master/zips/addons.xml</info>
		<checksum>https://raw.githubusercontent.com/amazeintv/repository.amazeintv/master/zips/addons.xml.md5</checksum>
		<datadir zip="true">https://raw.githubusercontent.com/amazeintv/repository.amazeintv/master/zips/</datadir>
	</extension>
	<extension point="xbmc.addon.metadata">
		<summary lang="en"></summary>
		<description lang="en"></description>
		<genre>movies,music,tvshows,uk,usa</genre>
	</extension>
</addon>