<?xml version="1.0" encoding="UTF-8" standalone="yes"?>
<addon id="script.module.amazeintv"  version="1.0.1" name="a[COLOR blue][B]MAZE[/B][/COLOR]in[COLOR blue][B]TV[/B][/COLOR] Module" provider-name="CrazyMAzeY">
	<requires>
		<import addon="xbmc.python" version="2.1.0" />
	</requires>
	<extension point="xbmc.python.module" library="lib" />
	<extension point="xbmc.addon.metadata">
		<platform>all</platform>
		<summary lang="en">a[COLOR blue][B]MAZE[/B][/COLOR]in[COLOR blue][B]TV[/COLOR] MODULE</summary>
	</extension>
</addon>
