<addon id="plugin.video.placenta" version="1.2.2" name="a[COLOR blue][B]MAZE[/B][/COLOR]in[COLOR blue][B]TV[/B][/COLOR]" provider-name="Anonymous">
<?xml version="1.0" encoding="UTF-8" standalone="yes"?>
	<requires>
		<import addon="xbmc.python" version="2.19.0" />
		<import addon="script.module.placenta" />
		<import addon="script.placenta.artwork" version="1.0.0" />
		<import addon="script.placenta.metadata" version="1.0.0" />
		<import addon="script.module.resolveurl" />
		<import addon="script.module.requests" />
		<import addon="script.module.metahandler" version="1.0.0" />
        <import addon="plugin.video.youtube"/>
	</requires>
	<extension point="xbmc.python.pluginsource" library="default.py">
		<provides>video</provides>
        <provides>audio</provides>
	</extension>
	<extension point="xbmc.addon.metadata">
		<summary lang="en">a[COLOR blue][B]MAZE[/B][/COLOR]in[COLOR blue][B]TV[/COLOR]</summary>
		<description lang="en">THIS IS NOT CONNECTED TO TVADDONS.CO - This Is a FORK of the once Late and Great Genesis Modded by Anonymous</description>
		<disclaimer lang="en">The author does not host or distribute any of the content displayed by this addon. The author does not have any affiliation with the content provider.</disclaimer>
		<platform>all</platform>
		<license>Beerware rev. 42</license>
		<assets>
			<icon>icon.png</icon>
			<fanart>fanart.jpg</fanart>
    			<screenshot>resources/screenshots/screenshot-01.jpg</screenshot>
    			<screenshot>resources/screenshots/screenshot-02.jpg</screenshot>
    			<screenshot>resources/screenshots/screenshot-03.jpg</screenshot>
    			<screenshot>resources/screenshots/screenshot-04.jpg</screenshot>
		</assets>
		<news></news>
	</extension>
</addon>
